PRAGMA foreign_keys=OFF;
BEGIN TRANSACTION;
CREATE TABLE "favorites" ("id" INTEGER PRIMARY KEY AUTOINCREMENT NOT NULL, "user_id" integer, "beat_id" integer, "created_at" datetime NOT NULL, "updated_at" datetime NOT NULL);
INSERT INTO "favorites" VALUES(40,1,7,'2015-04-21 14:19:47.522503','2015-04-21 14:19:47.522503');
INSERT INTO "favorites" VALUES(41,1,8,'2015-04-21 14:19:51.628582','2015-04-21 14:19:51.628582');
INSERT INTO "favorites" VALUES(44,3,7,'2015-04-21 20:36:40.788323','2015-04-21 20:36:40.788323');
INSERT INTO "favorites" VALUES(45,3,5,'2015-04-22 01:06:24.795424','2015-04-22 01:06:24.795424');
CREATE TABLE "taggings" ("id" INTEGER PRIMARY KEY AUTOINCREMENT NOT NULL, "tag_id" integer, "taggable_id" integer, "taggable_type" varchar, "tagger_id" integer, "tagger_type" varchar, "context" varchar(128), "created_at" datetime);
INSERT INTO "taggings" VALUES(12,1,6,'Beat',NULL,NULL,'tags','2015-04-20 14:36:26.726006');
INSERT INTO "taggings" VALUES(13,2,6,'Beat',NULL,NULL,'tags','2015-04-20 14:36:26.731585');
INSERT INTO "taggings" VALUES(16,5,8,'Beat',NULL,NULL,'tags','2015-04-20 15:15:24.248662');
INSERT INTO "taggings" VALUES(17,2,8,'Beat',NULL,NULL,'tags','2015-04-20 15:15:24.252811');
INSERT INTO "taggings" VALUES(18,6,8,'Beat',NULL,NULL,'tags','2015-04-20 15:15:24.256761');
INSERT INTO "taggings" VALUES(19,4,5,'Beat',NULL,NULL,'tags','2015-04-20 15:26:13.250628');
INSERT INTO "taggings" VALUES(20,2,5,'Beat',NULL,NULL,'tags','2015-04-20 15:26:13.255432');
INSERT INTO "taggings" VALUES(21,1,9,'Beat',NULL,NULL,'tags','2015-04-20 15:53:27.466689');
INSERT INTO "taggings" VALUES(22,7,9,'Beat',NULL,NULL,'tags','2015-04-20 15:53:27.471311');
INSERT INTO "taggings" VALUES(23,5,10,'Beat',NULL,NULL,'tags','2015-04-20 15:53:46.919517');
INSERT INTO "taggings" VALUES(24,3,10,'Beat',NULL,NULL,'tags','2015-04-20 15:53:46.922539');
INSERT INTO "taggings" VALUES(25,1,11,'Beat',NULL,NULL,'tags','2015-04-20 18:25:13.928890');
INSERT INTO "taggings" VALUES(26,2,11,'Beat',NULL,NULL,'tags','2015-04-20 18:25:13.932592');
INSERT INTO "taggings" VALUES(27,8,12,'Beat',NULL,NULL,'tags','2015-04-20 18:25:37.533384');
INSERT INTO "taggings" VALUES(28,9,12,'Beat',NULL,NULL,'tags','2015-04-20 18:25:37.537601');
INSERT INTO "taggings" VALUES(29,5,13,'Beat',NULL,NULL,'tags','2015-04-20 18:45:15.875470');
INSERT INTO "taggings" VALUES(30,10,13,'Beat',NULL,NULL,'tags','2015-04-20 18:45:15.878881');
INSERT INTO "taggings" VALUES(31,11,14,'Beat',NULL,NULL,'tags','2015-04-20 18:46:06.597315');
INSERT INTO "taggings" VALUES(32,2,14,'Beat',NULL,NULL,'tags','2015-04-20 18:46:06.600115');
INSERT INTO "taggings" VALUES(35,3,7,'Beat',NULL,NULL,'tags','2015-04-20 19:15:16.999187');
INSERT INTO "taggings" VALUES(36,2,7,'Beat',NULL,NULL,'tags','2015-04-20 19:15:17.003057');
INSERT INTO "taggings" VALUES(39,1,16,'Beat',NULL,NULL,'tags','2015-04-21 20:17:23.531958');
INSERT INTO "taggings" VALUES(40,2,16,'Beat',NULL,NULL,'tags','2015-04-21 20:17:23.535204');
INSERT INTO "taggings" VALUES(41,1,17,'Beat',NULL,NULL,'tags','2015-04-21 20:22:08.910041');
INSERT INTO "taggings" VALUES(42,2,17,'Beat',NULL,NULL,'tags','2015-04-21 20:22:08.913943');
INSERT INTO "taggings" VALUES(43,4,18,'Beat',NULL,NULL,'tags','2015-04-21 20:48:15.470204');
INSERT INTO "taggings" VALUES(44,5,18,'Beat',NULL,NULL,'tags','2015-04-21 20:48:15.473242');
CREATE TABLE "tags" ("id" INTEGER PRIMARY KEY AUTOINCREMENT NOT NULL, "name" varchar, "taggings_count" integer DEFAULT 0);
INSERT INTO "tags" VALUES(1,'rock',5);
INSERT INTO "tags" VALUES(2,'4/4',8);
INSERT INTO "tags" VALUES(3,'swing',2);
INSERT INTO "tags" VALUES(4,'linear',2);
INSERT INTO "tags" VALUES(5,'jazz',4);
INSERT INTO "tags" VALUES(6,'Buddy Bolden',1);
INSERT INTO "tags" VALUES(7,'groovy',1);
INSERT INTO "tags" VALUES(8,'breakbeat',1);
INSERT INTO "tags" VALUES(9,'6/8',1);
INSERT INTO "tags" VALUES(10,'3/4',1);
INSERT INTO "tags" VALUES(11,'reggae',1);
CREATE TABLE "schema_migrations" ("version" varchar NOT NULL);
INSERT INTO "schema_migrations" VALUES('20150407184442');
INSERT INTO "schema_migrations" VALUES('20150331225448');
INSERT INTO "schema_migrations" VALUES('20150330214518');
INSERT INTO "schema_migrations" VALUES('20150329010600');
INSERT INTO "schema_migrations" VALUES('20150402224228');
INSERT INTO "schema_migrations" VALUES('20150404012723');
INSERT INTO "schema_migrations" VALUES('20150404012722');
INSERT INTO "schema_migrations" VALUES('20150329040130');
INSERT INTO "schema_migrations" VALUES('20150404010843');
INSERT INTO "schema_migrations" VALUES('20150330225135');
INSERT INTO "schema_migrations" VALUES('20150405114300');
INSERT INTO "schema_migrations" VALUES('20150329033451');
INSERT INTO "schema_migrations" VALUES('20150329042936');
INSERT INTO "schema_migrations" VALUES('20150329040046');
INSERT INTO "schema_migrations" VALUES('20150329150640');
INSERT INTO "schema_migrations" VALUES('20150329015520');
INSERT INTO "schema_migrations" VALUES('20150404012725');
INSERT INTO "schema_migrations" VALUES('20150331001521');
INSERT INTO "schema_migrations" VALUES('20150329010520');
INSERT INTO "schema_migrations" VALUES('20150329150922');
INSERT INTO "schema_migrations" VALUES('20150405114030');
INSERT INTO "schema_migrations" VALUES('20150404012721');
INSERT INTO "schema_migrations" VALUES('20150404012724');
INSERT INTO "schema_migrations" VALUES('20150405181543');
INSERT INTO "schema_migrations" VALUES('20150331225808');
INSERT INTO "schema_migrations" VALUES('20150414145718');
INSERT INTO "schema_migrations" VALUES('20150421000746');
INSERT INTO "schema_migrations" VALUES('20150421000757');
INSERT INTO "schema_migrations" VALUES('20150421135152');
INSERT INTO "schema_migrations" VALUES('20150421140341');
INSERT INTO "schema_migrations" VALUES('20150421140422');
CREATE TABLE "users" ("id" INTEGER PRIMARY KEY AUTOINCREMENT NOT NULL, "created_at" datetime NOT NULL, "updated_at" datetime NOT NULL, "email" varchar DEFAULT '' NOT NULL, "encrypted_password" varchar DEFAULT '' NOT NULL, "reset_password_token" varchar, "reset_password_sent_at" datetime, "remember_created_at" datetime, "sign_in_count" integer DEFAULT 0 NOT NULL, "current_sign_in_at" datetime, "last_sign_in_at" datetime, "current_sign_in_ip" varchar, "last_sign_in_ip" varchar, "name" varchar, "location" varchar, "music_styles" varchar, "music_do" varchar, "website" varchar, "avatar_file_name" varchar, "avatar_content_type" varchar, "avatar_file_size" integer, "avatar_updated_at" datetime, "confirmation_token" varchar, "confirmed_at" datetime, "confirmation_sent_at" datetime, "unconfirmed_email" varchar);
INSERT INTO "users" VALUES(1,'2015-04-14 15:00:24.805450','2015-04-21 13:51:04.464660','bryan@hyshka.com','$2a$10$W2X1rnueKWONo044RXOE3uZNnrbChFKcLjZVT1ZM9tH/rRzWlJ6ke',NULL,NULL,NULL,5,'2015-04-21 13:51:04.463493','2015-04-21 13:05:13.955551','::1','::1','hyshka','Edmonton','Tango, Jazz','I am a drummer','http://hyshka.com','1908002_724877027572826_4817482911217505762_n.jpg','image/jpeg',31024,'2015-04-14 15:00:24.319244',NULL,'2015-04-14 16:48:48.347379','2015-04-14 16:48:38.969779',NULL);
INSERT INTO "users" VALUES(3,'2015-04-21 20:20:19.746853','2015-04-22 01:04:04.624766','info@weeklyaphorism.com','$2a$10$SyXoFt1QqvA4sI6Rl7wJ3ectBk.qjHV33fyoJ.OnczSkWjbuTfQxC',NULL,NULL,NULL,2,'2015-04-22 01:04:04.623978','2015-04-21 20:20:36.180807','::1','::1','test','','','','',NULL,NULL,NULL,NULL,NULL,'2015-04-21 20:20:24.842077','2015-04-21 20:20:19.925568',NULL);
CREATE TABLE "comments" ("id" INTEGER PRIMARY KEY AUTOINCREMENT NOT NULL, "user_id" varchar, "body" text, "beat_id" integer, "created_at" datetime NOT NULL, "updated_at" datetime NOT NULL);
INSERT INTO "comments" VALUES(13,'1','Swingin'' around the playground...',7,'2015-04-21 13:09:27.863195','2015-04-21 13:09:27.863195');
INSERT INTO "comments" VALUES(15,'3','Lorem ipsum dolor sit amet, consectetur adipiscing elit. Donec a diam lectus. Sed sit amet ipsum mauris. Maecenas congue ligula ac quam viverra nec consectetur ante hendrerit. Donec et mollis dolor. Praesent et diam eget libero egestas mattis sit amet vitae augue. Nam tincidunt congue enim, ut porta lorem lacinia consectetur.',7,'2015-04-21 17:02:05.980699','2015-04-21 17:02:05.980699');
CREATE TABLE "beats" ("id" INTEGER PRIMARY KEY AUTOINCREMENT NOT NULL, "title" varchar, "created_at" datetime NOT NULL, "updated_at" datetime NOT NULL, "midi_file_name" varchar, "midi_content_type" varchar, "midi_file_size" integer, "midi_updated_at" datetime, "description" varchar, "user_id" integer, "downloads" integer DEFAULT 0 NOT NULL, "created_by" varchar);
INSERT INTO "beats" VALUES(5,'Simple Linear Beat','2015-04-20 14:19:04.562934','2015-04-20 15:26:13.230565','simple-linear-beat.mid','audio/midi',127,'2015-04-20 14:18:59.084665','Very basic linear beat.',1,0,'hyshka');
INSERT INTO "beats" VALUES(6,'Simple Rock Beat','2015-04-20 14:36:26.621217','2015-04-20 14:36:26.621217','simple-rock-beat.mid','audio/midi',159,'2015-04-20 14:36:26.417892','Very basic rock beat.',1,0,'hyshka');
INSERT INTO "beats" VALUES(7,'Simple Swing Beat','2015-04-20 15:14:33.802046','2015-04-21 14:57:50.880557','simple-swing-beat.mid','audio/midi',141,'2015-04-20 15:14:33.498282','Very basic swing beat.',1,4,'hyshka');
INSERT INTO "beats" VALUES(8,'The Big Four','2015-04-20 15:15:24.227811','2015-04-20 15:15:24.227811','the-big-four.mid','audio/midi',223,'2015-04-20 15:15:24.044018','The classic beat played by Buddy Bolden.',1,0,'hyshka');
INSERT INTO "beats" VALUES(9,'Test Beat 1','2015-04-20 15:53:27.435743','2015-04-20 15:53:27.435743','simple-linear-beat.mid','audio/midi',127,'2015-04-20 15:53:27.272183','',1,0,'hyshka');
INSERT INTO "beats" VALUES(10,'Test Beat 2','2015-04-20 15:53:46.904089','2015-04-20 15:53:46.904089','simple-swing-beat.mid','audio/midi',141,'2015-04-20 15:53:46.718565','',1,0,'hyshka');
INSERT INTO "beats" VALUES(11,'Test Beat 3','2015-04-20 18:25:13.913192','2015-04-20 18:25:13.913192','simple-rock-beat.mid','audio/midi',159,'2015-04-20 18:25:13.747396','',1,0,'hyshka');
INSERT INTO "beats" VALUES(12,'Test Beat 4','2015-04-20 18:25:37.504898','2015-04-20 18:25:37.504898','simple-rock-beat.mid','audio/midi',159,'2015-04-20 18:25:37.313175','',1,0,'hyshka');
INSERT INTO "beats" VALUES(13,'Test Beat 5','2015-04-20 18:45:15.858362','2015-04-20 18:45:15.858362','simple-linear-beat.mid','audio/midi',127,'2015-04-20 18:45:15.675279','',1,0,'hyshka');
INSERT INTO "beats" VALUES(14,'Test Beat 6','2015-04-20 18:46:06.581883','2015-04-20 18:46:06.581883','simple-swing-beat.mid','audio/midi',141,'2015-04-20 18:46:06.380309','',1,0,'hyshka');
INSERT INTO "beats" VALUES(17,'My Test Beat','2015-04-21 20:22:08.891746','2015-04-21 20:22:08.891746','the-big-four.mid','audio/midi',223,'2015-04-21 20:22:08.697818','',3,0,'test');
INSERT INTO "beats" VALUES(18,'This beat has a really long name','2015-04-21 20:48:15.454758','2015-04-21 20:48:15.454758','simple-linear-beat.mid','audio/midi',127,'2015-04-21 20:48:15.236152','',3,0,'test');
DELETE FROM sqlite_sequence;
INSERT INTO "sqlite_sequence" VALUES('users',3);
INSERT INTO "sqlite_sequence" VALUES('tags',11);
INSERT INTO "sqlite_sequence" VALUES('taggings',44);
INSERT INTO "sqlite_sequence" VALUES('favorites',45);
INSERT INTO "sqlite_sequence" VALUES('comments',16);
INSERT INTO "sqlite_sequence" VALUES('beats',18);
CREATE UNIQUE INDEX "taggings_idx" ON "taggings" ("tag_id", "taggable_id", "taggable_type", "context", "tagger_id", "tagger_type");
CREATE INDEX "index_taggings_on_taggable_id_and_taggable_type_and_context" ON "taggings" ("taggable_id", "taggable_type", "context");
CREATE UNIQUE INDEX "index_tags_on_name" ON "tags" ("name");
CREATE UNIQUE INDEX "unique_schema_migrations" ON "schema_migrations" ("version");
CREATE UNIQUE INDEX "index_users_on_email" ON "users" ("email");
CREATE UNIQUE INDEX "index_users_on_reset_password_token" ON "users" ("reset_password_token");
CREATE UNIQUE INDEX "index_users_on_confirmation_token" ON "users" ("confirmation_token");
CREATE INDEX "index_comments_on_beat_id" ON "comments" ("beat_id");
CREATE INDEX "index_comments_on_user_id" ON "comments" ("user_id");
CREATE INDEX "index_favorites_on_beat_id" ON "favorites" ("beat_id");
CREATE INDEX "index_favorites_on_user_id" ON "favorites" ("user_id");
CREATE INDEX "index_beats_on_user_id" ON "beats" ("user_id");
COMMIT;
